{"stats":{"minecraft:killed":{"minecraft:zombie":1},"minecraft:used":{"minecraft:lever":1,"minecraft:netherite_sword":3,"minecraft:repeater":4,"minecraft:tnt":3,"ad_astra:moon_sand":6,"minecraft:redstone":6,"ad_astra:tier_3_rocket":1,"ad_astra:tier_4_rocket":3,"minecraft:zombie_spawn_egg":1,"ad_astra:tier_1_rover":1,"ad_astra:launch_pad":4},"minecraft:picked_up":{"minecraft:cooked_mutton":2,"ad_astra:launch_pad":2,"ad_astra:moon_sand":6,"ad_astra:tier_4_rocket":1,"minecraft:redstone":1,"minecraft:white_wool":1},"minecraft:custom":{"minecraft:time_since_rest":26564,"minecraft:crouch_one_cm":224,"minecraft:sprint_one_cm":2533,"minecraft:play_time":26564,"minecraft:walk_one_cm":12886,"minecraft:sneak_time":1569,"minecraft:mob_kills":1,"minecraft:drop":2,"minecraft:jump":36,"minecraft:damage_dealt":200,"minecraft:leave_game":4,"minecraft:time_since_death":26564,"minecraft:total_world_time":26564,"minecraft:fly_one_cm":62786},"minecraft:dropped":{"ad_astra:launch_pad":1,"ad_astra:jet_suit_helmet":1}},"DataVersion":3465}