{"stats":{"minecraft:broken":{"minecraft:wooden_axe":1},"minecraft:crafted":{"minecraft:oak_planks":64,"minecraft:stone_shovel":1,"minecraft:crafting_table":3,"minecraft:wooden_pickaxe":2,"minecraft:furnace":1,"minecraft:stone_axe":1,"autumnity:maple_stairs":4,"minecraft:stick":12,"minecraft:iron_ingot":4,"minecraft:stone_pickaxe":2,"minecraft:wooden_axe":2,"autumnity:maple_planks":24,"minecraft:white_bed":1},"minecraft:custom":{"minecraft:interact_with_furnace":3,"minecraft:mob_kills":11,"minecraft:interact_with_crafting_table":20,"minecraft:leave_game":26,"minecraft:time_since_death":26193,"minecraft:sleep_in_bed":5,"minecraft:time_since_rest":26226,"minecraft:sprint_one_cm":76392,"minecraft:damage_taken":2596,"minecraft:walk_one_cm":173924,"minecraft:drop":2,"minecraft:damage_dealt":1414,"minecraft:swim_one_cm":26865,"minecraft:fly_one_cm":352531,"minecraft:open_chest":1,"minecraft:crouch_one_cm":1068,"minecraft:play_time":186766,"minecraft:deaths":4,"minecraft:sneak_time":28077,"minecraft:walk_under_water_one_cm":41726,"minecraft:boat_one_cm":42049,"minecraft:jump":924,"minecraft:walk_on_water_one_cm":5850,"minecraft:total_world_time":186766,"minecraft:fall_one_cm":9741},"minecraft:dropped":{"ad_astra:launch_pad":1,"ad_astra:jet_suit_helmet":1},"minecraft:used":{"minecraft:netherite_sword":3,"minecraft:stone_pickaxe":23,"minecraft:redstone":7,"minecraft:oak_planks":7,"minecraft:ender_pearl":7,"ad_astra:tier_3_rocket":1,"minecraft:wooden_pickaxe":19,"minecraft:zombie_spawn_egg":1,"minecraft:dirt":7,"minecraft:tnt":3,"minecraft:crafting_table":8,"minecraft:white_bed":1,"ad_astra:tier_4_rocket":3,"ad_astra:tier_1_rover":1,"minecraft:wooden_axe":73,"minecraft:lever":1,"minecraft:apple":3,"minecraft:chicken":2,"ad_astra:moon_sand":6,"minecraft:birch_sapling":7,"ad_astra:launch_pad":4,"minecraft:stone_axe":10,"minecraft:repeater":5,"minecraft:cobblestone":8,"minecraft:furnace":2,"minecraft:oak_boat":1},"minecraft:killed":{"graveyard:ghoul":1,"minecraft:spider":1,"minecraft:creeper":1,"minecraft:sheep":3,"minecraft:skeleton":1,"minecraft:zombie":2,"minecraft:chicken":1,"alexsmobs:flying_fish":1},"minecraft:mined":{"minecraft:white_bed":1,"minecraft:crafting_table":8,"minecraft:grass_block":5,"minecraft:chest":1,"autumnity:maple_log":1,"minecraft:furnace":2,"minecraft:fire":1,"treechop:chopped_log":11,"minecraft:grass":3,"minecraft:coal_ore":6,"minecraft:dirt":8,"minecraft:stone":33,"minecraft:oak_leaves":1},"minecraft:killed_by":{"minecraft:zombie":1},"minecraft:picked_up":{"minecraft:birch_log":28,"minecraft:crafting_table":8,"minecraft:clock":1,"minecraft:repeater":1,"minecraft:chicken":2,"autumnity:maple_log":6,"ad_astra:tier_4_rocket":1,"minecraft:oak_log":36,"minecraft:dirt":20,"minecraft:flint_and_steel":1,"minecraft:cooked_mutton":2,"minecraft:apple":3,"ad_astra:launch_pad":2,"minecraft:oak_boat":1,"minecraft:iron_nugget":12,"minecraft:chest":1,"minecraft:birch_sapling":7,"minecraft:oak_planks":7,"minecraft:furnace":2,"minecraft:stick":11,"minecraft:raw_iron":4,"ad_astra:moon_sand":6,"minecraft:fire_charge":1,"minecraft:white_bed":1,"minecraft:redstone":2,"minecraft:arrow":2,"minecraft:rotten_flesh":1,"autumnity:maple_sapling":3,"minecraft:oak_sapling":17,"minecraft:mutton":2,"minecraft:coal":6,"minecraft:white_wool":4,"alexsmobs:flying_fish":2,"minecraft:cobblestone":31}},"DataVersion":3465}