{"stats":{"minecraft:crafted":{"minecraft:oak_planks":292,"minecraft:cooked_porkchop":14,"minecraft:crafting_table":3,"minecraft:wooden_pickaxe":3,"minecraft:cooked_chicken":1,"minecraft:furnace":2,"minecraft:birch_planks":28,"minecraft:oak_boat":1,"minecraft:stick":24,"minecraft:iron_ingot":10,"minecraft:stone_pickaxe":4,"minecraft:wooden_axe":2,"minecraft:torch":8},"minecraft:broken":{"minecraft:stone_pickaxe":1,"minecraft:wooden_pickaxe":1},"minecraft:dropped":{"minecraft:oak_log":3},"minecraft:custom":{"minecraft:interact_with_furnace":24,"minecraft:mob_kills":11,"minecraft:interact_with_crafting_table":15,"minecraft:leave_game":2,"minecraft:time_since_death":18633,"minecraft:time_since_rest":8019,"minecraft:sprint_one_cm":170040,"minecraft:damage_taken":6354,"minecraft:walk_one_cm":130956,"minecraft:drop":1,"minecraft:damage_dealt":1263,"minecraft:swim_one_cm":108394,"minecraft:talked_to_villager":4,"minecraft:fly_one_cm":143199,"minecraft:crouch_one_cm":6987,"minecraft:play_time":88781,"minecraft:deaths":5,"minecraft:sneak_time":2108,"minecraft:walk_under_water_one_cm":8559,"minecraft:boat_one_cm":51894,"minecraft:jump":991,"minecraft:walk_on_water_one_cm":14264,"minecraft:total_world_time":88781,"minecraft:fall_one_cm":25393},"minecraft:used":{"minecraft:diorite":3,"minecraft:stone_pickaxe":257,"minecraft:wooden_pickaxe":131,"minecraft:cooked_chicken":1,"minecraft:torch":4,"minecraft:dirt":41,"minecraft:crafting_table":9,"minecraft:wooden_axe":65,"minecraft:apple":3,"minecraft:chicken":1,"minecraft:cobblestone":23,"minecraft:furnace":3,"minecraft:cooked_porkchop":5,"minecraft:oak_boat":1,"alexsmobs:animal_dictionary":1},"minecraft:mined":{"minecraft:crafting_table":9,"minecraft:grass_block":18,"minecraft:cobblestone":1,"minecraft:copper_ore":22,"minecraft:diorite":8,"minecraft:wall_torch":4,"minecraft:furnace":3,"minecraft:iron_ore":16,"treechop:chopped_log":11,"minecraft:grass":5,"minecraft:coal_ore":46,"minecraft:oak_log":5,"minecraft:dirt":32,"minecraft:stone":286,"minecraft:oak_leaves":2},"minecraft:killed":{"minecraft:pig":7,"minecraft:spider":1,"minecraft:chicken":3},"minecraft:killed_by":{"minecraft:spider":1,"minecraft:zombie":1},"minecraft:picked_up":{"minecraft:birch_log":7,"minecraft:crafting_table":9,"minecraft:feather":5,"minecraft:chicken":2,"minecraft:oak_log":76,"minecraft:string":1,"minecraft:dirt":50,"minecraft:raw_copper":78,"minecraft:bone":1,"minecraft:apple":3,"minecraft:birch_sapling":2,"minecraft:oak_planks":59,"minecraft:furnace":3,"minecraft:stick":10,"minecraft:raw_iron":16,"minecraft:torch":4,"minecraft:porkchop":14,"minecraft:diorite":8,"minecraft:arrow":1,"minecraft:rotten_flesh":4,"minecraft:oak_sapling":27,"minecraft:coal":44,"minecraft:cobblestone":291}},"DataVersion":3465}