{"stats":{"minecraft:broken":{"minecraft:stone_axe":1,"minecraft:iron_pickaxe":1},"minecraft:crafted":{"minecraft:oak_planks":88,"minecraft:birch_boat":1,"minecraft:cooked_chicken":4,"minecraft:furnace":1,"minecraft:cooked_mutton":12,"minecraft:diamond_leggings":1,"minecraft:diamond_helmet":1,"minecraft:iron_boots":1,"minecraft:iron_axe":1,"minecraft:stone_pickaxe":2,"minecraft:diamond_boots":1,"minecraft:chest":2,"minecraft:cooked_porkchop":16,"minecraft:diamond_axe":1,"minecraft:crafting_table":2,"minecraft:wooden_pickaxe":2,"minecraft:iron_helmet":1,"minecraft:bucket":2,"minecraft:birch_planks":20,"minecraft:stone_axe":1,"minecraft:air":0,"minecraft:oak_boat":1,"minecraft:iron_chestplate":1,"minecraft:diamond_pickaxe":1,"minecraft:shield":1,"minecraft:stick":44,"minecraft:iron_ingot":112,"minecraft:iron_pickaxe":3,"minecraft:wooden_axe":1,"minecraft:gold_ingot":16,"minecraft:iron_leggings":1,"minecraft:white_bed":1,"minecraft:torch":72,"minecraft:diamond_chestplate":1},"minecraft:dropped":{"minecraft:feather":3,"minecraft:wooden_axe":1,"minecraft:iron_axe":1,"minecraft:iron_pickaxe":1,"minecraft:string":4,"alexsmobs:animal_dictionary":1,"minecraft:raw_iron":4,"travelersbackpack:bat":1,"create:asurine":2,"minecraft:gunpowder":1,"minecraft:oak_sapling":18,"minecraft:spider_eye":2,"minecraft:arrow":5,"minecraft:wooden_pickaxe":1,"minecraft:stone_pickaxe":1},"minecraft:custom":{"minecraft:mob_kills":63,"minecraft:interact_with_crafting_table":37,"minecraft:leave_game":3,"minecraft:time_since_death":2767,"minecraft:climb_one_cm":30707,"minecraft:sprint_one_cm":336506,"minecraft:walk_one_cm":331881,"minecraft:damage_blocked_by_shield":810,"minecraft:drop":19,"minecraft:play_time":193967,"minecraft:deaths":14,"minecraft:sneak_time":16581,"minecraft:walk_under_water_one_cm":70008,"minecraft:boat_one_cm":192288,"minecraft:jump":4870,"minecraft:walk_on_water_one_cm":107466,"minecraft:total_world_time":193967,"minecraft:interact_with_furnace":69,"minecraft:sleep_in_bed":2,"minecraft:time_since_rest":2799,"minecraft:damage_taken":18113,"minecraft:damage_dealt":7339,"minecraft:swim_one_cm":157280,"minecraft:fly_one_cm":626411,"minecraft:open_chest":25,"minecraft:crouch_one_cm":46926,"minecraft:fall_one_cm":93515},"minecraft:used":{"create:veridium":3,"minecraft:spruce_planks":2,"minecraft:chest":2,"minecraft:shield":15,"minecraft:cooked_chicken":3,"travelersbackpack:bat":2,"minecraft:rotten_flesh":11,"minecraft:torch":70,"minecraft:dirt":4,"minecraft:tuff":21,"minecraft:wooden_axe":8,"minecraft:lava_bucket":1,"minecraft:iron_axe":30,"minecraft:magma_block":6,"minecraft:bow":3,"minecraft:furnace":3,"minecraft:cobbled_deepslate":107,"minecraft:cooked_mutton":6,"minecraft:water_bucket":167,"minecraft:diorite":1,"minecraft:birch_planks":1,"minecraft:oak_planks":7,"minecraft:stone_pickaxe":126,"minecraft:blackstone":43,"minecraft:wooden_pickaxe":18,"minecraft:birch_boat":1,"minecraft:diamond_axe":3,"minecraft:crafting_table":7,"minecraft:white_bed":3,"minecraft:apple":2,"minecraft:string":2,"minecraft:iron_pickaxe":593,"minecraft:gravel":5,"minecraft:stone_axe":145,"minecraft:cobblestone":66,"minecraft:cooked_porkchop":12,"minecraft:andesite":2,"minecraft:bucket":169,"minecraft:oak_boat":2,"alexsmobs:animal_dictionary":1},"minecraft:killed":{"minecraft:cave_spider":3,"alexsmobs:raccoon":2,"minecraft:spider":2,"minecraft:skeleton":8,"minecraft:chicken":5,"minecraft:silverfish":8,"minecraft:pig":8,"graveyard:ghoul":2,"alexsmobs:seal":1,"minecraft:creeper":2,"minecraft:sheep":9,"minecraft:zombie":11,"alexsmobs:fly":1,"minecraft:cow":1},"minecraft:mined":{"minecraft:infested_deepslate":1,"minecraft:tuff":23,"minecraft:spruce_planks":6,"minecraft:white_bed":2,"minecraft:deepslate_diamond_ore":104,"minecraft:sculk_vein":4,"farmersdelight:wild_carrots":4,"minecraft:glow_lichen":1,"minecraft:grass_block":1,"minecraft:spruce_leaves":44,"minecraft:spawner":1,"travelersbackpack:bat":1,"minecraft:magma_block":7,"minecraft:furnace":3,"minecraft:cobbled_deepslate":7,"minecraft:iron_ore":88,"minecraft:fire":1,"minecraft:andesite":4,"treechop:chopped_log":6,"minecraft:gold_block":1,"create:asurine":2,"minecraft:sculk_shrieker":1,"minecraft:deepslate_iron_ore":28,"minecraft:vine":33,"minecraft:rail":2,"minecraft:azalea":2,"minecraft:stone":51,"create:veridium":3,"minecraft:spruce_slab":1,"minecraft:tripwire":2,"minecraft:flowering_azalea":1,"minecraft:blackstone":53,"minecraft:crafting_table":6,"minecraft:cornflower":1,"minecraft:torch":3,"minecraft:sculk_sensor":9,"minecraft:tall_grass":10,"minecraft:cobblestone":34,"minecraft:deepslate_coal_ore":5,"minecraft:deepslate_gold_ore":7,"minecraft:oak_planks":3,"minecraft:sculk":1,"minecraft:diorite":1,"minecraft:wall_torch":6,"minecraft:birch_leaves":2,"minecraft:grass":16,"minecraft:oak_log":2,"minecraft:coal_ore":25,"minecraft:gravel":8,"minecraft:dirt":3,"minecraft:oak_leaves":1,"minecraft:deepslate":137},"minecraft:killed_by":{"bosses_of_mass_destruction:void_blossom":3,"minecraft:warden":3},"minecraft:picked_up":{"minecraft:crafting_table":6,"travelersbackpack:bat":2,"minecraft:chicken":5,"minecraft:gold_block":1,"minecraft:string":22,"minecraft:iron_axe":1,"minecraft:blackstone":50,"minecraft:cobbled_deepslate":146,"minecraft:spruce_planks":6,"minecraft:beef":1,"minecraft:oak_boat":1,"minecraft:azalea":1,"minecraft:iron_pickaxe":1,"minecraft:spruce_slab":1,"alexsmobs:raccoon_tail":1,"minecraft:birch_sapling":3,"minecraft:furnace":3,"minecraft:stick":10,"minecraft:raw_iron":116,"miners_delight:silverfish_eggs":2,"minecraft:torch":13,"minecraft:porkchop":16,"minecraft:diorite":1,"minecraft:carrot":4,"minecraft:rotten_flesh":11,"minecraft:arrow":8,"create:asurine":2,"create:veridium":3,"miners_delight:bat_wing":3,"minecraft:mutton":13,"minecraft:rail":4,"minecraft:white_wool":9,"minecraft:cobblestone":97,"minecraft:birch_log":5,"minecraft:magma_block":6,"minecraft:feather":3,"minecraft:andesite":3,"minecraft:leather":2,"minecraft:flint":2,"minecraft:tuff":21,"minecraft:oak_log":25,"minecraft:gunpowder":1,"minecraft:dirt":4,"minecraft:bone":8,"minecraft:apple":2,"minecraft:bow":1,"minecraft:wheat_seeds":6,"minecraft:raw_gold":7,"minecraft:iron_ingot":1,"minecraft:flowering_azalea":1,"minecraft:oak_planks":3,"minecraft:birch_boat":1,"minecraft:gravel":5,"minecraft:spruce_sapling":7,"minecraft:white_bed":2,"minecraft:spider_eye":2,"minecraft:diamond":104,"minecraft:oak_sapling":18,"minecraft:coal":80}},"DataVersion":3465}